{"name":"19c6a33c-e5d2-417f-a862-f3d7511032ed","id":"/providers/Microsoft.Flow/flows/19c6a33c-e5d2-417f-a862-f3d7511032ed","type":"Microsoft.Flow/flows","properties":{"apiId":"/providers/Microsoft.PowerApps/apis/shared_logicflows","displayName":"PowerApps Triggered Application Insights Example","definition":{"metadata":{"workflowEntityId":"e7854a1a-926e-ea11-a813-000d3a58d840","flowclientsuspensionreason":"None","flowclientsuspensiontime":null,"creator":{"id":"97b05bb5-073f-4a9d-8e08-a8ffb43169f1","type":"User","tenantId":"72f988bf-86f1-41af-91ab-2d7cd011db47"},"provisioningMethod":"FromDefinition","failureAlertSubscription":true,"clientLastModifiedTime":"2020-09-23T11:30:01.6641408Z"},"$schema":"https://schema.management.azure.com/providers/Microsoft.Logic/schemas/2016-06-01/workflowdefinition.json#","contentVersion":"1.0.0.0","parameters":{"$authentication":{"defaultValue":{},"type":"SecureObject"}},"staticResults":{"HTTP0":{"status":"Failed","error":{"code":"BadRequest","message":"Custom Error Message from HTTP Action within Try Scope"}}},"triggers":{"manual":{"type":"Request","kind":"PowerApp","inputs":{"schema":{"type":"object","properties":{"strMessage_Value":{"type":"string","description":"Enter initial value","x-ms-powerflows-param-ispartial":false},"objCustomDimensions_Value":{"type":"string","description":"Enter initial value","x-ms-powerflows-param-ispartial":false}},"required":["strMessage_Value","objCustomDimensions_Value"]}}}},"actions":{"strTableName":{"runAfter":{"Initialize_variable":["Succeeded"]},"trackedProperties":{"timeStamp":"@utcNow()"},"type":"InitializeVariable","inputs":{"variables":[{"name":"tableName","type":"string"}]}},"strMessage":{"runAfter":{"strTableName":["Succeeded"]},"trackedProperties":{"timeStamp":"@utcNow()"},"type":"InitializeVariable","inputs":{"variables":[{"name":"strMessage","type":"string","value":"@{triggerBody()['strMessage_Value']}"}]}},"objCustomDimensions":{"runAfter":{"strMessage":["Succeeded"]},"type":"InitializeVariable","inputs":{"variables":[{"name":"objCustomDimensions","type":"string","value":"@{triggerBody()['objCustomDimensions_Value']}"}]}},"Respond_to_a_PowerApp_or_flow":{"runAfter":{"Catch":["Succeeded"]},"type":"Response","kind":"PowerApp","inputs":{"statusCode":200,"body":{"response":"\"\""},"schema":{"type":"object","properties":{"response":{"title":"Response","x-ms-dynamically-added":true,"type":"string"}}}}},"CreateAppInsightsBody":{"runAfter":{"CustomEvent_Data_Property":["Succeeded"]},"type":"InitializeVariable","inputs":{"variables":[{"name":"strRawAppInsights","type":"string","value":"{\n\"time\":\"@{utcNow()}\",\n    \"iKey\": \"@{variables('iKey')}\",\n    \"name\": \"Microsoft.ApplicationInsights.@{variables('iKey')}.Event\",\n    \"data\": {\n        \"baseType\": \"EventData\",\n        \"baseData\": {\n            \"ver\": 2,\n            \"name\": \"@{variables('strMessage')}\",\n            \"properties\": @{trigger()}\n        }\n},\n\"tags\": @{variables('strTagsJson')}\n}"}]}},"SendToAppInsights":{"runAfter":{"CreateAppInsightsBody":["Succeeded"]},"type":"Http","inputs":{"method":"POST","uri":"https://dc.services.visualstudio.com/v2/track","body":"@variables('strRawAppInsights')"}},"strTagsJson":{"runAfter":{"workflowObject":["Succeeded"]},"type":"InitializeVariable","inputs":{"variables":[{"name":"strTagsJson","type":"string","value":"{\"ai.cloud.role\":\"@{workflow().tags.flowDisplayName}\", \"ai.cloud.roleInstance\":\"@{workflow().name}\"}"}]},"description":"cloudrole = Name of the role the application is a part of. Maps directly to the role name in azure. roleInstance = Name of the instance where the application is running. Computer name for on-premises, instance name for Azure."},"workflowObject":{"runAfter":{"Compose":["Succeeded"]},"type":"InitializeVariable","inputs":{"variables":[{"name":"workflowObject","type":"object","value":"@workflow()"}]}},"strTableName_TrackedProperties":{"runAfter":{"objCustomDimensions":["Succeeded"]},"type":"Compose","inputs":"@actions('strTableName')?['TrackedProperties']['timestamp']"},"Compose":{"runAfter":{"strTableName_TrackedProperties":["Succeeded"]},"type":"Compose","inputs":{"strMessage":"@{actions('strMessage')}","strTableName":"@{actions('strMessage')?['TrackedProperties']}"}},"CustomEvent_Data_Property":{"runAfter":{"strTagsJson":["Succeeded"]},"type":"Compose","inputs":"\"data\": {\n        \"baseType\": \"EventData\",\n        \"baseData\": {\n            \"ver\": 2,\n            \"name\": \"@{variables('strMessage')}\",\n            \"properties\": @{trigger()}\n        }\n}"},"Try":{"actions":{"HTTP":{"runAfter":{},"type":"Http","inputs":{"method":"POST","uri":"https://prod-78.westus.logic.azure.com:443/workflows/09ae51d624c541888f7acb7ce1f6fb54/triggers/manual/paths/invoke?api-version=2016-06-01&sp=%2Ftriggers%2Fmanual%2Frun&sv=1.0&sig=Ktyz8GxLIqMz798AV3SYeILsFNmjlJE1P0iw7GtMd8w"},"runtimeConfiguration":{"staticResult":{"staticResultOptions":"Enabled","name":"HTTP0"}}}},"runAfter":{"SendToAppInsights":["Succeeded"]},"type":"Scope"},"Catch":{"actions":{"Compose_2":{"runAfter":{},"type":"Compose","inputs":{"time":"@{utcNow()}","iKey":"@{variables('iKey')}","name":"Microsoft.ApplicationInsights.@{variables('iKey')}.Exception","data":{"baseType":"ExceptionData","baseData":{"ver":2,"name":"@{variables('strMessage')}","exceptions":[{"typeName":"Error","message":"@{actions('Try').error.message}","hasFullStack":false}]}}}},"App_Insights_-_Exceptions":{"runAfter":{"Compose_2":["Succeeded"]},"type":"Http","inputs":{"method":"POST","uri":"https://dc.services.visualstudio.com/v2/track","body":"@outputs('Compose_2')"}}},"runAfter":{"Try":["Succeeded","Failed"]},"type":"Scope"},"Initialize_variable":{"runAfter":{},"type":"InitializeVariable","inputs":{"variables":[{"name":"iKey","type":"string","value":"<your app insights key>"}]}}},"outputs":{}},"connectionReferences":{},"flowFailureAlertSubscribed":false}}