{"name":"15284ecf-d31d-4233-b30b-845df538833a","id":"/providers/Microsoft.Flow/flows/15284ecf-d31d-4233-b30b-845df538833a","type":"Microsoft.Flow/flows","properties":{"apiId":"/providers/Microsoft.PowerApps/apis/shared_logicflows","displayName":"Flow Run Time Examples - Log Analytics Data Collector","definition":{"$schema":"https://schema.management.azure.com/providers/Microsoft.Logic/schemas/2016-06-01/workflowdefinition.json#","contentVersion":"1.0.0.0","parameters":{"$connections":{"defaultValue":{},"type":"Object"},"$authentication":{"defaultValue":{},"type":"SecureObject"}},"staticResults":{"Trigger_Data0":{"status":"Succeeded","outputs":{"statusCode":"OK","headers":{}}}},"triggers":{"manual":{"type":"Request","kind":"Http","inputs":{"schema":{"type":"array","items":{"type":"object","properties":{"property 1":{"type":"string"},"property 2":{"type":"string"},"property 3":{"type":"string"},"property 4":{"type":"string"}},"required":["property 1","property 2","property 3","property 4"]}}}}},"actions":{"Workflow_Data":{"runAfter":{},"type":"OpenApiConnection","inputs":{"host":{"connectionName":"shared_azureloganalyticsdatacollector","operationId":"SendData","apiId":"/providers/Microsoft.PowerApps/apis/shared_azureloganalyticsdatacollector"},"parameters":{"body":"@workflow()","Log-Type":"PowerAutomateFlows"},"authentication":"@parameters('$authentication')"}},"Trigger_Data":{"runAfter":{"Workflow_Data":["Succeeded"]},"type":"OpenApiConnection","inputs":{"host":{"connectionName":"shared_azureloganalyticsdatacollector","operationId":"SendData","apiId":"/providers/Microsoft.PowerApps/apis/shared_azureloganalyticsdatacollector"},"parameters":{"body":"@trigger()","Log-Type":"PowerAutomateTriggers"},"authentication":"@parameters('$authentication')"},"runtimeConfiguration":{"staticResult":{"staticResultOptions":"Enabled","name":"Trigger_Data0"}}},"Action_Data":{"runAfter":{"List_records":["Succeeded"]},"type":"OpenApiConnection","inputs":{"host":{"connectionName":"shared_azureloganalyticsdatacollector","operationId":"SendData","apiId":"/providers/Microsoft.PowerApps/apis/shared_azureloganalyticsdatacollector"},"parameters":{"body":"@actions('List_records')","Log-Type":"PowerAutomateActions"},"authentication":"@parameters('$authentication')"}},"List_records":{"runAfter":{"Trigger_Data":["Succeeded"]},"type":"OpenApiConnection","inputs":{"host":{"connectionName":"shared_commondataserviceforapps","operationId":"ListRecords","apiId":"/providers/Microsoft.PowerApps/apis/shared_commondataserviceforapps"},"parameters":{"entityName":"accounts"},"authentication":"@parameters('$authentication')"}},"Send_Data":{"runAfter":{"Action_Data":["Succeeded"]},"type":"OpenApiConnection","inputs":{"host":{"connectionName":"shared_azureloganalyticsdatacollector","operationId":"SendData","apiId":"/providers/Microsoft.PowerApps/apis/shared_azureloganalyticsdatacollector"},"parameters":{"body":"{\"pfe\":\"ali\",\"pfe\":\"paulo\",\"msx\":\"jay\"}","Log-Type":"msxlog"},"authentication":"@parameters('$authentication')"}}},"outputs":{}},"connectionReferences":{"shared_azureloganalyticsdatacollector":{"connectionName":"shared-azureloganaly-409a02ab-dacc-4e02-aaca-adfffa68857a","source":"Embedded","id":"/providers/Microsoft.PowerApps/apis/shared_azureloganalyticsdatacollector","tier":"NotSpecified"},"shared_commondataserviceforapps":{"connectionName":"shared-commondataser-b292fa34-a28b-4a84-bd55-dfe5a72bb88e","source":"Embedded","id":"/providers/Microsoft.PowerApps/apis/shared_commondataserviceforapps","tier":"NotSpecified"}},"flowFailureAlertSubscribed":false}}