{"name":"de25a1a2-715a-45e2-b6e9-82cad4ddc64b","id":"/providers/Microsoft.Flow/flows/de25a1a2-715a-45e2-b6e9-82cad4ddc64b","type":"Microsoft.Flow/flows","properties":{"apiId":"/providers/Microsoft.PowerApps/apis/shared_logicflows","displayName":"Flow Management Examples - Solution and Non Solution Aware Flow Actions","definition":{"metadata":{"workflowEntityId":"fbefa134-1290-ea11-a811-000d3a5466d8","creator":{"id":"90f0352e-c324-43da-8e38-f774b56a2d93","type":"User","tenantId":"1557f771-4c8e-4dbd-8b80-dd00a88e833e"},"provisioningMethod":"FromDefinition","failureAlertSubscription":true,"clientLastModifiedTime":"2020-05-08T02:56:11.9337264Z"},"$schema":"https://schema.management.azure.com/providers/Microsoft.Logic/schemas/2016-06-01/workflowdefinition.json#","contentVersion":"1.0.0.0","parameters":{"$connections":{"defaultValue":{},"type":"Object"},"$authentication":{"defaultValue":{},"type":"SecureObject"},"cdsruntimecertificate":{"type":"String"},"cdsruntimecertificatepassword":{"type":"SecureString"}},"staticResults":{"Get_CDS_Auth_Token0":{"status":"Succeeded","outputs":{"statusCode":"OK","headers":{}}},"Run_RetrieveSharedPrincipalsAndAccess_Function1":{"status":"Succeeded","outputs":{"statusCode":"OK","headers":{}}}},"triggers":{"manual":{"type":"Request","kind":"Button","inputs":{"schema":{"type":"object","properties":{},"required":[]}}}},"actions":{"List_Flow_Owners_-_Solution_Aware":{"runAfter":{"MyFlowName":["Succeeded"]},"type":"OpenApiConnection","inputs":{"host":{"apiId":"/providers/Microsoft.PowerApps/apis/shared_flowmanagement","connectionName":"shared_flowmanagement","operationId":"ListFlowOwners"},"parameters":{"environmentName":"10195613-f7d0-4d8e-bc74-f8f6bf1fe7d4","flowName":"@variables('SolutionAwareFlowName')"},"authentication":{"value":"@json(decodeBase64(triggerOutputs().headers['X-MS-APIM-Tokens']))['$ConnectionKey']","type":"Raw"}},"description":"Solution Aware"},"List_Flow_Run-Only_Users":{"runAfter":{"Modify_Flow_Owners_-_Solution_Aware":["Succeeded","Failed"]},"type":"OpenApiConnection","inputs":{"host":{"apiId":"/providers/Microsoft.PowerApps/apis/shared_flowmanagement","connectionName":"shared_flowmanagement","operationId":"ListFlowUsers"},"parameters":{"environmentName":"10195613-f7d0-4d8e-bc74-f8f6bf1fe7d4","flowName":"@variables('SolutionAwareFlowName')"},"authentication":{"value":"@json(decodeBase64(triggerOutputs().headers['X-MS-APIM-Tokens']))['$ConnectionKey']","type":"Raw"}}},"Get_Flow":{"runAfter":{"List_Flow_Run-Only_Users":["Succeeded"]},"type":"OpenApiConnection","inputs":{"host":{"apiId":"/providers/Microsoft.PowerApps/apis/shared_flowmanagement","connectionName":"shared_flowmanagement","operationId":"GetFlow"},"parameters":{"environmentName":"10195613-f7d0-4d8e-bc74-f8f6bf1fe7d4","flowName":"@variables('SolutionAwareFlowName')"},"authentication":{"value":"@json(decodeBase64(triggerOutputs().headers['X-MS-APIM-Tokens']))['$ConnectionKey']","type":"Raw"}}},"Get_Flow_as_Admin":{"runAfter":{"Get_Flow":["Succeeded"]},"type":"OpenApiConnection","inputs":{"host":{"apiId":"/providers/Microsoft.PowerApps/apis/shared_flowmanagement","connectionName":"shared_flowmanagement","operationId":"AdminGetFlow"},"parameters":{"environmentName":"10195613-f7d0-4d8e-bc74-f8f6bf1fe7d4","flowName":"@variables('SolutionAwareFlowName')"},"authentication":{"value":"@json(decodeBase64(triggerOutputs().headers['X-MS-APIM-Tokens']))['$ConnectionKey']","type":"Raw"}}},"SolutionAwareFlowName":{"runAfter":{"Initialize_variable":["Succeeded"]},"type":"InitializeVariable","inputs":{"variables":[{"name":"SolutionAwareFlowName","type":"string","value":"7e9dd37a-eaa6-4103-b31a-a465630a536a"}]}},"MyFlowName":{"runAfter":{"SolutionAwareFlowName":["Succeeded"]},"type":"InitializeVariable","inputs":{"variables":[{"name":"MyFlowName","type":"string","value":"9cca2a13-1628-4767-97d7-1e67fddf8192"}]}},"List_Flow_Owners_-_My_Flow":{"runAfter":{"Get_Flow_as_Admin":["Succeeded"]},"type":"OpenApiConnection","inputs":{"host":{"apiId":"/providers/Microsoft.PowerApps/apis/shared_flowmanagement","connectionName":"shared_flowmanagement","operationId":"ListFlowOwners"},"parameters":{"environmentName":"@variables('EnvironmentName')","flowName":"@variables('MyFlowName')"},"authentication":{"value":"@json(decodeBase64(triggerOutputs().headers['X-MS-APIM-Tokens']))['$ConnectionKey']","type":"Raw"}}},"Initialize_variable":{"runAfter":{},"type":"InitializeVariable","inputs":{"variables":[{"name":"EnvironmentName","type":"string","value":"\"\""}]}},"List_Flow_Run-Only_Users_-_My_Flow":{"runAfter":{"Modify_Flow_Owners_-_My_Flow":["Succeeded"]},"type":"OpenApiConnection","inputs":{"host":{"apiId":"/providers/Microsoft.PowerApps/apis/shared_flowmanagement","connectionName":"shared_flowmanagement","operationId":"ListFlowUsers"},"parameters":{"environmentName":"@variables('EnvironmentName')","flowName":"@variables('MyFlowName')"},"authentication":{"value":"@json(decodeBase64(triggerOutputs().headers['X-MS-APIM-Tokens']))['$ConnectionKey']","type":"Raw"}}},"Get_Flow_-_My_Flow":{"runAfter":{"List_Flow_Run-Only_Users_-_My_Flow":["Succeeded"]},"type":"OpenApiConnection","inputs":{"host":{"apiId":"/providers/Microsoft.PowerApps/apis/shared_flowmanagement","connectionName":"shared_flowmanagement","operationId":"GetFlow"},"parameters":{"environmentName":"@variables('EnvironmentName')","flowName":"@variables('MyFlowName')"},"authentication":{"value":"@json(decodeBase64(triggerOutputs().headers['X-MS-APIM-Tokens']))['$ConnectionKey']","type":"Raw"}}},"Get_Flow_as_Admin_-_My_Flow":{"runAfter":{"Get_Flow_-_My_Flow":["Succeeded"]},"type":"OpenApiConnection","inputs":{"host":{"apiId":"/providers/Microsoft.PowerApps/apis/shared_flowmanagement","connectionName":"shared_flowmanagement","operationId":"AdminGetFlow"},"parameters":{"environmentName":"@variables('EnvironmentName')","flowName":"@variables('MyFlowName')"},"authentication":{"value":"@json(decodeBase64(triggerOutputs().headers['X-MS-APIM-Tokens']))['$ConnectionKey']","type":"Raw"}}},"Modify_Flow_Owners_-_Solution_Aware":{"runAfter":{"Perform_an_unbound_action":["Succeeded"]},"type":"OpenApiConnection","inputs":{"host":{"apiId":"/providers/Microsoft.PowerApps/apis/shared_flowmanagement","connectionName":"shared_flowmanagement","operationId":"ModifyFlowOwners"},"parameters":{"environmentName":"@variables('EnvironmentName')","flowName":"@variables('SolutionAwareFlowName')","permissions/put":[{"properties/principal/id":"e7f3e0b7-92f2-45e6-9293-2e452d24bfbe","properties/principal/type":"User"}]},"authentication":{"value":"@json(decodeBase64(triggerOutputs().headers['X-MS-APIM-Tokens']))['$ConnectionKey']","type":"Raw"}}},"Modify_Flow_Owners_-_My_Flow":{"runAfter":{"List_Flow_Owners_-_My_Flow":["Succeeded"]},"type":"OpenApiConnection","inputs":{"host":{"apiId":"/providers/Microsoft.PowerApps/apis/shared_flowmanagement","connectionName":"shared_flowmanagement","operationId":"ModifyFlowOwners"},"parameters":{"environmentName":"@variables('EnvironmentName')","flowName":"@variables('MyFlowName')","permissions/delete":[{"properties/principal/id":"e7f3e0b7-92f2-45e6-9293-2e452d24bfbe","properties/principal/type":"User"}]},"authentication":{"value":"@json(decodeBase64(triggerOutputs().headers['X-MS-APIM-Tokens']))['$ConnectionKey']","type":"Raw"}}},"Perform_an_unbound_action":{"runAfter":{"Run_RetrieveSharedPrincipalsAndAccess_Function":["Succeeded"]},"type":"OpenApiConnection","inputs":{"host":{"apiId":"/providers/Microsoft.PowerApps/apis/shared_commondataserviceforapps","connectionName":"shared_commondataserviceforapps","operationId":"PerformUnboundAction"},"parameters":{"actionName":"GrantAccess","item/Target":"/workflows(fbefa134-1290-ea11-a811-000d3a5466d8)","item/PrincipalAccess":{"Principal":{"@{string('@')}odata.type":"Microsoft.Dynamics.CRM.systemuser","systemuserid":"e7f3e0b7-92f2-45e6-9293-2e452d24bfbe"},"AccessMask":"ReadAccess, WriteAccess"}},"authentication":"@parameters('$authentication')"}},"Get_CDS_Auth_Token":{"runAfter":{"List_Flow_Owners_-_Solution_Aware":["Succeeded"]},"type":"Http","inputs":{"method":"POST","uri":"https://login.microsoftonline.com/"},"runtimeConfiguration":{"staticResult":{"staticResultOptions":"Enabled","name":"Get_CDS_Auth_Token0"}}},"Run_RetrieveSharedPrincipalsAndAccess_Function":{"runAfter":{"Get_CDS_Auth_Token":["Succeeded"]},"type":"Http","inputs":{"method":"GET","uri":"https://org00000000.crm0.dynamics.com/api/data/v9.1/RetrieveSharedPrincipalsAndAccess(Target=@tid)?@tid={'@odata.id':'workflows(00000000-0000-0000-0000-000000000002)'}"},"runtimeConfiguration":{"staticResult":{"staticResultOptions":"Enabled","name":"Run_RetrieveSharedPrincipalsAndAccess_Function1"}}}},"outputs":{}},"connectionReferences":{"shared_flowmanagement":{"connectionName":"3b6aae07b3ec4a4abbc6dd507e36ef25","source":"Invoker","id":"/providers/Microsoft.PowerApps/apis/shared_flowmanagement","tier":"NotSpecified"},"shared_commondataserviceforapps":{"connectionName":"shared-commondataser-b292fa34-a28b-4a84-bd55-dfe5a72bb88e","source":"Embedded","id":"/providers/Microsoft.PowerApps/apis/shared_commondataserviceforapps","tier":"NotSpecified"}},"flowFailureAlertSubscribed":false}}