{"name":"5eb974c0-dcf2-47fa-b213-8fde4bba149f","id":"/providers/Microsoft.Flow/flows/5eb974c0-dcf2-47fa-b213-8fde4bba149f","type":"Microsoft.Flow/flows","properties":{"apiId":"/providers/Microsoft.PowerApps/apis/shared_logicflows","displayName":"Monitor Tool Output to Log Analytics","definition":{"$schema":"https://schema.management.azure.com/providers/Microsoft.Logic/schemas/2016-06-01/workflowdefinition.json#","contentVersion":"1.0.0.0","parameters":{"$connections":{"defaultValue":{},"type":"Object"},"$authentication":{"defaultValue":{},"type":"SecureObject"}},"triggers":{"When_a_blob_is_added_or_modified_(properties_only)":{"recurrence":{"interval":1,"frequency":"Minute"},"splitOn":"@triggerOutputs()?['body']","metadata":{"JTJmcG93ZXJhcHBzLW1vbml0b3J0b29sLW91dHB1dHMtbG9nYW5hbHl0aWNz":"/powerapps-monitortool-outputs-loganalytics"},"type":"OpenApiConnection","inputs":{"host":{"connectionName":"shared_azureblob","operationId":"OnUpdatedFiles","apiId":"/providers/Microsoft.PowerApps/apis/shared_azureblob"},"parameters":{"folderId":"JTJmcG93ZXJhcHBzLW1vbml0b3J0b29sLW91dHB1dHMtbG9nYW5hbHl0aWNz","maxFileCount":10},"authentication":"@parameters('$authentication')"}}},"actions":{"Get_blob_content":{"runAfter":{},"type":"OpenApiConnection","inputs":{"host":{"connectionName":"shared_azureblob","operationId":"GetFileContent","apiId":"/providers/Microsoft.PowerApps/apis/shared_azureblob"},"parameters":{"id":"@triggerOutputs()?['body/FileLocator']","inferContentType":true},"authentication":"@parameters('$authentication')"}},"Parse_JSON":{"runAfter":{"Get_blob_content":["Succeeded"]},"type":"ParseJson","inputs":{"content":"@json(base64ToString(outputs('Get_blob_content')?['body']))","schema":{"type":"object","properties":{"Version":{"type":"integer"},"SessionId":{"type":"string"},"Messages":{"type":"array","items":{"type":"object","properties":{"time":{"type":"string"},"category":{"type":"string"},"name":{"type":"string"},"dataSource":{"type":"string"},"status":{"type":"integer"},"responseSize":{"type":"integer"},"duration":{"type":"integer"},"data":{"type":"object","properties":{"connectEnd":{"type":"string"},"connectStart":{"type":"string"},"domainLookupEnd":{"type":"string"},"domainLookupStart":{"type":"string"},"duration":{"type":"string"},"fetchStart":{"type":"string"},"name":{"type":"string"},"requestStart":{"type":"string"},"responseEnd":{"type":"string"},"responseStart":{"type":"string"},"startTime":{"type":"string"},"decodedBodySize":{"type":"string"},"encodedBodySize":{"type":"string"},"nextHopProtocol":{"type":"string"},"secureConnectionStart":{"type":"string"},"transferSize":{"type":"string"},"cached":{"type":"string"},"window":{"type":"string"},"ServerConnectivityState":{"type":"string"},"NetworkConnectivityState":{"type":"string"},"request":{"type":"object","properties":{"url":{"type":"string"},"headers":{"type":"object","properties":{}}}},"response":{"type":"object","properties":{"duration":{"type":"string"},"size":{"type":"string"},"headers":{"type":"object","properties":{}}}}}},"controlName":{"type":"string"},"propertyName":{"type":"string"}}}}}}}},"Apply_to_each":{"foreach":"@body('Parse_JSON')?['Messages']","actions":{"Send_Data":{"runAfter":{},"type":"OpenApiConnection","inputs":{"host":{"connectionName":"shared_azureloganalyticsdatacollector","operationId":"SendData","apiId":"/providers/Microsoft.PowerApps/apis/shared_azureloganalyticsdatacollector"},"parameters":{"body":"@items('Apply_to_each')","Log-Type":"MonitorToolOutput"},"authentication":"@parameters('$authentication')"}}},"runAfter":{"Parse_JSON":["Succeeded"]},"type":"Foreach"}},"outputs":{}},"connectionReferences":{"shared_azureloganalyticsdatacollector":{"connectionName":"shared-azureloganaly-409a02ab-dacc-4e02-aaca-adfffa68857a","source":"Embedded","id":"/providers/Microsoft.PowerApps/apis/shared_azureloganalyticsdatacollector","tier":"NotSpecified"},"shared_azureblob":{"connectionName":"shared-azureblob-6ef27e66-c0b2-4d9f-b440-227dbbb95709","source":"Embedded","id":"/providers/Microsoft.PowerApps/apis/shared_azureblob","tier":"NotSpecified"}},"flowFailureAlertSubscribed":false}}