{"name":"19c6a33c-e5d2-417f-a862-f3d7511032ed","id":"/providers/Microsoft.Flow/flows/19c6a33c-e5d2-417f-a862-f3d7511032ed","type":"Microsoft.Flow/flows","properties":{"apiId":"/providers/Microsoft.PowerApps/apis/shared_logicflows","displayName":"PowerApps Triggered Application Insights Example","definition":{"metadata":{"workflowEntityId":"e7854a1a-926e-ea11-a813-000d3a58d840","creator":{"id":"97b05bb5-073f-4a9d-8e08-a8ffb43169f1","type":"User","tenantId":"72f988bf-86f1-41af-91ab-2d7cd011db47"},"provisioningMethod":"FromDefinition","failureAlertSubscription":true,"clientLastModifiedTime":"2020-03-26T14:26:03.471574Z"},"$schema":"https://schema.management.azure.com/providers/Microsoft.Logic/schemas/2016-06-01/workflowdefinition.json#","contentVersion":"1.0.0.0","parameters":{"$authentication":{"defaultValue":{},"type":"SecureObject"}},"triggers":{"manual":{"type":"Request","kind":"PowerApp","inputs":{"schema":{"type":"object","properties":{"strMessage_Value":{"type":"string","description":"Enter initial value","x-ms-powerflows-param-ispartial":false},"objCustomDimensions_Value":{"type":"string","description":"Enter initial value","x-ms-powerflows-param-ispartial":false}},"required":["strMessage_Value","objCustomDimensions_Value"]}}}},"actions":{"strTableName":{"runAfter":{},"trackedProperties":{"timeStamp":"@utcNow()"},"type":"InitializeVariable","inputs":{"variables":[{"name":"tableName","type":"string"}]}},"strMessage":{"runAfter":{"strTableName":["Succeeded"]},"trackedProperties":{"timeStamp":"@utcNow()"},"type":"InitializeVariable","inputs":{"variables":[{"name":"strMessage","type":"string","value":"@{triggerBody()['strMessage_Value']}"}]}},"objCustomDimensions":{"runAfter":{"strMessage":["Succeeded"]},"type":"InitializeVariable","inputs":{"variables":[{"name":"objCustomDimensions","type":"string","value":"@{triggerBody()['objCustomDimensions_Value']}"}]}},"Respond_to_a_PowerApp_or_flow":{"runAfter":{"SendToAppInsights":["Succeeded"]},"type":"Response","kind":"PowerApp","inputs":{"statusCode":200,"body":{"response":"\"\""},"schema":{"type":"object","properties":{"response":{"title":"Response","x-ms-dynamically-added":true,"type":"string"}}}}},"CreateAppInsightsBody":{"runAfter":{"strTagsJson":["Succeeded"]},"type":"InitializeVariable","inputs":{"variables":[{"name":"strRawAppInsights","type":"string","value":"{\n\"time\":\"@{utcNow()}\",\n    \"iKey\": \"7b18b7f7-3daf-4951-abba-8372cf9b21a9\",\n    \"name\": \"Microsoft.ApplicationInsights.7b18b7f7-3daf-4951-abba-8372cf9b21a9.Event\",\n    \"data\": {\n        \"baseType\": \"EventData\",\n        \"baseData\": {\n            \"ver\": 2,\n            \"name\": \"@{variables('strMessage')}\",\n            \"properties\": @{trigger()}\n        }\n},\n\"tags\": @{variables('strTagsJson')}\n}"}]}},"SendToAppInsights":{"runAfter":{"CreateAppInsightsBody":["Succeeded"]},"type":"Http","inputs":{"method":"POST","uri":"https://dc.services.visualstudio.com/v2/track","body":"@variables('strRawAppInsights')"}},"strTagsJson":{"runAfter":{"workflowObject":["Succeeded"]},"type":"InitializeVariable","inputs":{"variables":[{"name":"strTagsJson","type":"string","value":"{\"ai.cloud.role\":\"@{workflow().tags.flowDisplayName}\", \"ai.cloud.roleInstance\":\"@{workflow().name}\"}"}]},"description":"cloudrole = Name of the role the application is a part of. Maps directly to the role name in azure. roleInstance = Name of the instance where the application is running. Computer name for on-premises, instance name for Azure."},"workflowObject":{"runAfter":{"Compose":["Succeeded"]},"type":"InitializeVariable","inputs":{"variables":[{"name":"workflowObject","type":"object","value":"@workflow()"}]}},"strTableName_TrackedProperties":{"runAfter":{"objCustomDimensions":["Succeeded"]},"type":"Compose","inputs":"@actions('strTableName')?['TrackedProperties']['timestamp']"},"Compose":{"runAfter":{"strTableName_TrackedProperties":["Succeeded"]},"type":"Compose","inputs":{"strMessage":"@{actions('strMessage')}","strTableName":"@{actions('strMessage')?['TrackedProperties']}"}}},"outputs":{}},"connectionReferences":{},"flowFailureAlertSubscribed":false}}