{"name":"81413aa2-0626-4173-a1cf-32d33487eafe","id":"/providers/Microsoft.Flow/flows/81413aa2-0626-4173-a1cf-32d33487eafe","type":"Microsoft.Flow/flows","properties":{"apiId":"/providers/Microsoft.PowerApps/apis/shared_logicflows","displayName":"Flow Run Examples - Tracked Properties and Handling Errors","definition":{"$schema":"https://schema.management.azure.com/providers/Microsoft.Logic/schemas/2016-06-01/workflowdefinition.json#","contentVersion":"1.0.0.0","parameters":{"$connections":{"defaultValue":{},"type":"Object"},"$authentication":{"defaultValue":{},"type":"SecureObject"}},"staticResults":{"List_records0":{"status":"Succeeded","outputs":{"statusCode":"OK","headers":{}}},"Create_a_new_record0":{"status":"Failed","error":{"code":"TooManyConcurrentRequests","message":"Number of concurrent requests exceeded the limit of 52."}},"Webhook_Tester_Site0":{"status":"Succeeded","outputs":{"statusCode":"OK","headers":{}}}},"triggers":{"manual":{"type":"Request","kind":"Http","inputs":{"schema":{}}}},"actions":{"triggerObject":{"runAfter":{"CDS_Scope":["Succeeded"]},"trackedProperties":{"triggerObjectStart":"@utcNow()","actionFunction":"@action()"},"type":"InitializeVariable","inputs":{"variables":[{"name":"triggerObject","type":"object","value":"@trigger()"}]},"description":"contains action() in Tracked Properties"},"workflowObject":{"runAfter":{"triggerObject":["Succeeded"]},"trackedProperties":{"workflowObjectStart":"@utcNow()"},"type":"InitializeVariable","inputs":{"variables":[{"name":"workflowObject","type":"object","value":"@workflow()"}]}},"actions-triggerObject":{"runAfter":{"workflowObject":["Succeeded","Failed","Skipped","TimedOut"]},"trackedProperties":{"actions-triggerObjectStart":"@utcNow()"},"type":"InitializeVariable","inputs":{"variables":[{"name":"actionsObject","type":"object","value":"@actions('triggerObject')"}]}},"actionsWorkflowObject":{"runAfter":{"actions-triggerObject":["Succeeded"]},"trackedProperties":{"actionsWorkflowObject":"@utcNow()"},"type":"InitializeVariable","inputs":{"variables":[{"name":"actionsWorkflowObject","type":"object","value":"@actions('workflowObject')"}]}},"TrackedPropertiesExampleObject":{"runAfter":{"5_second_delay":["Succeeded"]},"trackedProperties":{"BadTrackedProperty":"@action()"},"type":"InitializeVariable","inputs":{"variables":[{"name":"TrackedPropertiesExampleObject","type":"object","value":"@actions('TrackedPropertiesExample')"}]}},"List_records":{"runAfter":{"actionsWorkflowObject":["Succeeded"]},"trackedProperties":{"ListRecordsCDSResponseStatusCode":"@action().outputs.statusCode","ListRecordsCDSResponseRemaningCalls":"@action().outputs.headers['x-ms-ratelimit-burst-remaining-xrm-requests']","ListRecordsCDSResponseRemaningTime":"@action().outputs.headers['x-ms-ratelimit-time-remaining-xrm-requests']"},"type":"OpenApiConnection","inputs":{"host":{"apiId":"/providers/Microsoft.PowerApps/apis/shared_commondataserviceforapps","connectionName":"shared_commondataserviceforapps","operationId":"ListRecords"},"parameters":{"entityName":"pfe_insights","fetchXml":"<fetch top=\"2\" >\n  <entity name=\"pfe_insight\" >\n    <attribute name=\"statecode\" />\n    <attribute name=\"pfe_message\" />\n    <attribute name=\"pfe_name\" />\n    <attribute name=\"pfe_typename\" />\n    <attribute name=\"pfe_customdimensions\" />\n    <attribute name=\"pfe_insightid\" />\n    <attribute name=\"statuscode\" />\n    <attribute name=\"pfe_type\" />\n    <attribute name=\"ownerid\" />\n    <attribute name=\"pfe_custommeasurements\" />\n  </entity>\n</fetch>"},"authentication":"@parameters('$authentication')"},"runtimeConfiguration":{"staticResult":{"staticResultOptions":"Disabled","name":"List_records0"}}},"TrackedPropertiesExample":{"runAfter":{"List_records":["Succeeded","Failed","Skipped","TimedOut"]},"trackedProperties":{"Action":"@action()"},"type":"InitializeVariable","inputs":{"variables":[{"name":"TrackedPropertiesExample","type":"object","value":"@actions('List_records')"}]}},"Response":{"runAfter":{"Finally":["Succeeded"]},"type":"Response","kind":"Http","inputs":{"statusCode":200,"headers":{"FlowRun":"@{workflow().run.name}"}}},"Try":{"actions":{"Condition":{"actions":{},"runAfter":{"Compose":["Succeeded"]},"expression":{"contains":["@variables('TrackedPropertiesExampleObject')","@action().outputs"]},"type":"If"},"successful_try_action":{"runAfter":{},"type":"Compose","inputs":"@actions('TrackedPropertiesExampleObject')"},"Compose":{"runAfter":{"10_second_delay":["Succeeded"]},"type":"Compose","inputs":"@action()"},"10_second_delay":{"runAfter":{"Create_a_new_record":["Succeeded"]},"type":"Wait","inputs":{"interval":{"count":10,"unit":"Second"}}},"FiveSecondDelay_Action":{"runAfter":{"successful_try_action":["Succeeded"]},"type":"Compose","inputs":"@actions('5_second_delay')"},"Create_a_new_record":{"runAfter":{"Send_an_email_(V2)":["Succeeded"]},"type":"OpenApiConnection","inputs":{"host":{"apiId":"/providers/Microsoft.PowerApps/apis/shared_commondataserviceforapps","connectionName":"shared_commondataserviceforapps","operationId":"CreateRecord"},"parameters":{"entityName":"accounts","item/name":"test"},"authentication":"@parameters('$authentication')"},"runtimeConfiguration":{"staticResult":{"staticResultOptions":"Enabled","name":"Create_a_new_record0"}}},"Create_CSV_table":{"runAfter":{"FiveSecondDelay_Action":["Succeeded"]},"type":"Table","inputs":{"from":"@outputs('List_records')?['body/value']","format":"CSV"}},"Send_an_email_(V2)":{"runAfter":{"Create_CSV_table":["Succeeded"]},"type":"OpenApiConnection","inputs":{"host":{"apiId":"/providers/Microsoft.PowerApps/apis/shared_office365","connectionName":"shared_office365","operationId":"SendEmailV2"},"parameters":{"emailMessage/To":"alyoussetestuser@pfecrmonline.onmicrosoft.com","emailMessage/Subject":"test Send with CSV","emailMessage/Body":"<p>Test</p>","emailMessage/Attachments":[{"Name":"Test.csv","ContentBytes":"@body('Create_CSV_table')"}]},"authentication":"@parameters('$authentication')"}}},"runAfter":{"TrackedPropertiesExampleObject":["Succeeded"]},"trackedProperties":{"TryTimestamp":"@utcNow()"},"type":"Scope"},"Catch":{"actions":{"CatchTryResult":{"runAfter":{},"type":"Compose","inputs":"@result('Try')"},"Compose_2":{"runAfter":{"CatchTryResult":["Succeeded"]},"type":"Compose","inputs":"@actions('Try')"},"Webhook_Tester_Site":{"runAfter":{"Compose_3":["Succeeded"]},"type":"Http","inputs":{"method":"POST","uri":"https://webhook.site/97af0231-658c-4d06-8c13-a6a5dcbcae99","body":"@result('Try')"},"runtimeConfiguration":{"staticResult":{"staticResultOptions":"Enabled","name":"Webhook_Tester_Site0"}}},"Compose_3":{"runAfter":{"Compose_2":["Succeeded"]},"type":"Compose","inputs":"@actions('Try').error"},"Track_Exception":{"runAfter":{"Webhook_Tester_Site":["Succeeded"]},"type":"OpenApiConnection","inputs":{"host":{"apiId":"/providers/Microsoft.PowerApps/apis/shared_afnandappinsights-5f53a7eb517acec4ee-5ff1927e2644996e2a","connectionName":"shared_afnandappinsights-5f53a7eb517acec4ee-5ff1927e2644996e2a","operationId":"post-trackexception"},"parameters":{"body/name":"@actions('Try').name","body/exceptionMessage":"@actions('Try').error.message","body/workflowName":"@workflow().name","body/workflowRunName":"@workflow().run.name","body/exceptionCode":"@actions('Try').error.code"},"authentication":"@parameters('$authentication')"}}},"runAfter":{"Try":["Failed","TimedOut"]},"trackedProperties":{"CatchTimestamp":"@utcNow()"},"type":"Scope"},"Finally":{"actions":{"TryResult":{"runAfter":{},"type":"Compose","inputs":"@result('Try')"},"CatchResult":{"runAfter":{"TryResult":["Succeeded"]},"type":"Compose","inputs":"@result('Catch')"}},"runAfter":{"Catch":["Succeeded","Failed","Skipped","TimedOut"]},"trackedProperties":{"FinallyTimestamp":"@utcNow()"},"type":"Scope"},"5_second_delay":{"runAfter":{"TrackedPropertiesExample":["Succeeded"]},"trackedProperties":{"FiveSecondDelay":"@utcNow()"},"type":"Wait","inputs":{"interval":{"count":5,"unit":"Second"}}},"CDS_Scope":{"actions":{"Scope":{"actions":{},"runAfter":{},"type":"Scope"}},"runAfter":{},"type":"Scope"}},"outputs":{}},"connectionReferences":{"shared_commondataserviceforapps":{"connectionName":"shared-commondataser-b292fa34-a28b-4a84-bd55-dfe5a72bb88e","source":"Embedded","id":"/providers/Microsoft.PowerApps/apis/shared_commondataserviceforapps","tier":"NotSpecified"},"shared_office365":{"connectionName":"9c847a1b448d4cd4bc8a6efb96c52eda","source":"Embedded","id":"/providers/Microsoft.PowerApps/apis/shared_office365","tier":"NotSpecified"},"shared_afnandappinsights-5f53a7eb517acec4ee-5ff1927e2644996e2a":{"connectionName":"3a421ac5d5014e48b4228eb76ba8c8c9","source":"Embedded","id":"/providers/Microsoft.PowerApps/apis/shared_afnandappinsights-5f53a7eb517acec4ee-5ff1927e2644996e2a","tier":"NotSpecified"}},"flowFailureAlertSubscribed":false}}