{"name":"4b611135-d40a-4336-9ddb-020d01a32a6c","id":"/providers/Microsoft.Flow/flows/4b611135-d40a-4336-9ddb-020d01a32a6c","type":"Microsoft.Flow/flows","properties":{"apiId":"/providers/Microsoft.PowerApps/apis/shared_logicflows","displayName":"Turn on Imported Flow with CDS that has no connection established - Public","definition":{"metadata":{"workflowEntityId":null,"creator":{"id":"90f0352e-c324-43da-8e38-f774b56a2d93","type":"User","tenantId":"1557f771-4c8e-4dbd-8b80-dd00a88e833e"},"provisioningMethod":"FromDefinition","failureAlertSubscription":true,"clientLastModifiedTime":"2020-04-30T18:11:16.5011088Z"},"$schema":"https://schema.management.azure.com/providers/Microsoft.Logic/schemas/2016-06-01/workflowdefinition.json#","contentVersion":"1.0.0.0","parameters":{"$connections":{"defaultValue":{},"type":"Object"},"$authentication":{"defaultValue":{},"type":"SecureObject"},"cdsruntimecertificate":{"type":"String"},"cdsruntimecertificatepassword":{"type":"SecureString"}},"triggers":{"manual":{"type":"Request","kind":"Http","inputs":{"schema":{}}}},"actions":{"List_records":{"runAfter":{"FlowName":["Succeeded"]},"type":"OpenApiConnection","inputs":{"host":{"apiId":"/providers/Microsoft.PowerApps/apis/shared_commondataserviceforapps","connectionName":"shared_commondataserviceforapps","operationId":"ListRecords"},"parameters":{"entityName":"workflows","$filter":"workflowidunique eq '@{variables('workflowidunique')}'"},"authentication":"@parameters('$authentication')"}},"Apply_to_each":{"foreach":"@outputs('List_records')?['body/value']","actions":{"Get_a_record":{"runAfter":{},"type":"OpenApiConnection","inputs":{"host":{"apiId":"/providers/Microsoft.PowerApps/apis/shared_commondataserviceforapps","connectionName":"shared_commondataserviceforapps","operationId":"GetItem"},"parameters":{"entityName":"workflows","recordId":"@items('Apply_to_each')?['workflowid']"},"authentication":"@parameters('$authentication')"}},"Update_a_record":{"runAfter":{"Get_a_record":["Succeeded"]},"type":"OpenApiConnection","inputs":{"host":{"apiId":"/providers/Microsoft.PowerApps/apis/shared_commondataserviceforapps","connectionName":"shared_commondataserviceforapps","operationId":"UpdateRecord"},"parameters":{"entityName":"workflows","recordId":"@outputs('Get_a_record')?['body/workflowid']","item/clientdata":"@variables('ClientData')"},"authentication":"@parameters('$authentication')"}}},"runAfter":{"UpdateFlowResponse":["Succeeded"]},"type":"Foreach"},"FlowName":{"runAfter":{},"type":"InitializeVariable","inputs":{"variables":[{"name":"workflowidunique","type":"string","value":"47433daf-ddf1-429d-ac24-bc05f47ed143"}]}},"ClientData":{"runAfter":{"List_records":["Succeeded"]},"type":"InitializeVariable","inputs":{"variables":[{"name":"ClientData","type":"string"}]}},"UpdateFlowResponse":{"runAfter":{"ClientData":["Succeeded"]},"type":"InitializeVariable","inputs":{"variables":[{"name":"UpdateFlowResponse","type":"object"}]}}},"outputs":{}},"connectionReferences":{"shared_commondataserviceforapps":{"connectionName":"shared-commondataser-b7ed28ca-eb3e-448f-820d-61b5db555a10","source":"Embedded","id":"/providers/Microsoft.PowerApps/apis/shared_commondataserviceforapps","tier":"NotSpecified"}},"flowFailureAlertSubscribed":false}}