{"name":"c49193b1-c675-4f77-ae50-0ac05a167022","id":"/providers/Microsoft.Flow/flows/c49193b1-c675-4f77-ae50-0ac05a167022","type":"Microsoft.Flow/flows","properties":{"apiId":"/providers/Microsoft.PowerApps/apis/shared_logicflows","displayName":"Flow Run Time - Application Insights Tester","definition":{"$schema":"https://schema.management.azure.com/providers/Microsoft.Logic/schemas/2016-06-01/workflowdefinition.json#","contentVersion":"1.0.0.0","parameters":{"$connections":{"defaultValue":{},"type":"Object"},"$authentication":{"defaultValue":{},"type":"SecureObject"}},"triggers":{"manual":{"type":"Request","kind":"Http","inputs":{"schema":{"type":"object","properties":{"correlationid":{"type":"string"},"name":{"type":"string"}}}}}},"actions":{"TrackRequest":{"runAfter":{},"type":"OpenApiConnection","inputs":{"host":{"connectionName":"shared_afnandappinsights-5f53a7eb517acec4ee-5ff1927e2644996e2a","operationId":"post-trackrequest","apiId":"/providers/Microsoft.PowerApps/apis/shared_afnandappinsights-5f53a7eb517acec4ee-5ff1927e2644996e2a"},"parameters":{"body/correlationid":"1234","body/name":"@workflow().run.name","body/timestamp":"@utcNow()","body/duration":"12","body/responseCode":"200","body/success":"true"},"authentication":"@parameters('$authentication')"}},"Track_Exception":{"runAfter":{"workflowobject":["Succeeded"]},"type":"OpenApiConnection","inputs":{"host":{"connectionName":"shared_afnandappinsights-5f53a7eb517acec4ee-5ff1927e2644996e2a","operationId":"post-trackexception","apiId":"/providers/Microsoft.PowerApps/apis/shared_afnandappinsights-5f53a7eb517acec4ee-5ff1927e2644996e2a"},"parameters":{"body/correlationid":"@triggerBody()?['correlationid']","body/name":"@triggerBody()?['name']","body/exceptionMessage":"@workflow().run.name","body/workflowName":"@workflow().tags['flowDisplayName']","body/environmentName":"@workflow().tags['environmentName']","body/workflowRunName":"@workflow().run.name","body/exceptionCode":"1234"},"authentication":"@parameters('$authentication')"}},"workflowobject":{"runAfter":{"TrackRequest":["Succeeded"]},"type":"InitializeVariable","inputs":{"variables":[{"name":"workflow","type":"string","value":"@{workflow()}"}]}},"Track_Dependency":{"runAfter":{"Initialize_variable":["Succeeded"]},"type":"OpenApiConnection","inputs":{"host":{"connectionName":"shared_afnandappinsights-5f53a7eb517acec4ee-5ff1927e2644996e2a","operationId":"post-trackdependency","apiId":"/providers/Microsoft.PowerApps/apis/shared_afnandappinsights-5f53a7eb517acec4ee-5ff1927e2644996e2a"},"parameters":{"body/correlationid":"@actions('Create_a_new_record').outputs.headers['x-ms-service-request-id']","body/name":"Trace Dependency Example @{outputs('Create_a_new_record')?['body/pfe_name']}","body/duration":"1","body/workflowName":"@workflow().tags['flowDisplayName']","body/environmentName":"@workflow().tags['environmentName']","body/workflowRunName":"@workflow().name","body/actionName":"@actions('Create_a_new_record')","body/id":"@outputs('Create_a_new_record')?['body/pfe_insightid']","body/type":"@actions('Create_a_new_record').inputs.host['connectionReferenceName']"},"authentication":"@parameters('$authentication')"}},"Create_a_new_record":{"runAfter":{"Track_Exception":["Succeeded"]},"type":"OpenApiConnection","inputs":{"host":{"connectionName":"shared_commondataserviceforapps","operationId":"CreateRecord","apiId":"/providers/Microsoft.PowerApps/apis/shared_commondataserviceforapps"},"parameters":{"entityName":"pfe_insights","item/pfe_name":"@workflow().run.name"},"authentication":"@parameters('$authentication')"}},"Initialize_variable":{"runAfter":{"Create_a_new_record":["Succeeded"]},"type":"InitializeVariable","inputs":{"variables":[{"name":"CreateANewRecordAction","type":"object","value":"@actions('Create_a_new_record')"}]}},"Track_Event":{"runAfter":{"Track_Trace":["Succeeded"]},"type":"OpenApiConnection","inputs":{"host":{"connectionName":"shared_afnandappinsights-5f53a7eb517acec4ee-5ff1927e2644996e2a","operationId":"post-trackevent","apiId":"/providers/Microsoft.PowerApps/apis/shared_afnandappinsights-5f53a7eb517acec4ee-5ff1927e2644996e2a"},"parameters":{"body/correlationid":"@triggerBody()?['correlationid']","body/name":"@triggerBody()?['name']","body/workflowName":"@workflow().tags['flowDisplayName']","body/environmentName":"@workflow().tags['environmentName']","body/workflowRunName":"@workflow().run.name","body/actionName":"@actions('Create_a_new_record')","body/message":"\"I have been created from Power Automate!\""},"authentication":"@parameters('$authentication')"}},"Track_Trace":{"runAfter":{"Track_Dependency":["Succeeded"]},"type":"OpenApiConnection","inputs":{"host":{"connectionName":"shared_afnandappinsights-5f53a7eb517acec4ee-5ff1927e2644996e2a","operationId":"post-tracktrace","apiId":"/providers/Microsoft.PowerApps/apis/shared_afnandappinsights-5f53a7eb517acec4ee-5ff1927e2644996e2a"},"parameters":{"body/correlationid":"@triggerBody()?['correlationid']","body/name":"@triggerBody()?['name']","body/workflowName":"@workflow().tags['flowDisplayName']","body/environmentName":"@workflow().tags['environmentName']","body/workflowRunName":"@workflow().run.name","body/actionName":"@actions('Create_a_new_record')"},"authentication":"@parameters('$authentication')"}}},"outputs":{}},"connectionReferences":{"shared_afnandappinsights-5f53a7eb517acec4ee-5ff1927e2644996e2a":{"connectionName":"3a421ac5d5014e48b4228eb76ba8c8c9","source":"Embedded","id":"/providers/Microsoft.PowerApps/apis/shared_afnandappinsights-5f53a7eb517acec4ee-5ff1927e2644996e2a","tier":"NotSpecified"},"shared_commondataserviceforapps":{"connectionName":"shared-commondataser-b292fa34-a28b-4a84-bd55-dfe5a72bb88e","source":"Embedded","id":"/providers/Microsoft.PowerApps/apis/shared_commondataserviceforapps","tier":"NotSpecified"}},"flowFailureAlertSubscribed":false}}